{
  "config": {
    "ens_size": 40,
    "infl": 1.02,
    "obs_std": 0.5,
    "dt": 0.05,
    "forcing": 8.0,
    "seed": 2,
    "support_radius": 20,
    "window_size": 4,
    "n_qubits": 4,
    "group_threshold": 0.9,
    "max_groups": 3,
    "max_representatives": 2
  },
  "results": [
    {
      "method": "fixed",
      "lambda": null,
      "support_radius": 20,
      "train_rmse": 0.12119744865851713,
      "train_mae": 0.08530481315167075,
      "train_count": 20000,
      "test_1_rmse": 0.12872791254901936,
      "test_1_mae": 0.08922490241131598,
      "test_1_count": 20000
    },
    {
      "method": "corr",
      "lambda": null,
      "support_radius": 20,
      "train_rmse": 0.14145548885983802,
      "train_mae": 0.10347842399249621,
      "train_count": 20000,
      "test_1_rmse": 0.14279455390011997,
      "test_1_mae": 0.10202452522506597,
      "test_1_count": 20000
    },
    {
      "method": "quantum_reduced_group_update",
      "lambda": null,
      "support_radius": 20,
      "train_rmse": 2.7047558869134645,
      "train_mae": 1.963088710035671,
      "train_count": 20000,
      "train_avg_group_count": 3.0,
      "train_avg_group_size": 13.333333333333254,
      "train_max_group_count": 3,
      "test_1_rmse": 2.627723588182084,
      "test_1_mae": 1.9123948776953235,
      "test_1_count": 20000,
      "test_1_avg_group_count": 3.0,
      "test_1_avg_group_size": 13.333333333333254,
      "test_1_max_group_count": 3
    }
  ],
  "best_test": {
    "method": "fixed",
    "lambda": null,
    "support_radius": 20,
    "train_rmse": 0.12119744865851713,
    "train_mae": 0.08530481315167075,
    "train_count": 20000,
    "test_1_rmse": 0.12872791254901936,
    "test_1_mae": 0.08922490241131598,
    "test_1_count": 20000
  }
}